,UserId,SnackId,Prediction
451799,A1033RWNZWEMR5,B00004CXX9,3.320167
451948,A1048CYU0OV4O8,B00004CXX9,3.364652
381401,A10G136JEISLVR,B00020HHK4,4.0952477
212780,A10G136JEISLVR,B00020HHAO,4.0673285
484455,A10G136JEISLVR,B00020HHGS,3.5071826
360870,A10G136JEISLVR,B00020HHHC,3.4052994
451862,A10L8O1ZMUIMR2,B00004CXX9,2.6966963
360770,A10PJEHY3JKKQG,B00020HHHC,2.064192
484355,A10PJEHY3JKKQG,B00020HHGS,1.968983
484329,A1189A19X4J6CP,B00020HHGS,3.9579036
360744,A1189A19X4J6CP,B00020HHHC,3.824424
217405,A11Q5CEJES1CCM,7310172101,3.9618897
451881,A11QN7NDE3AROH,B00004CXX9,3.3586411
217436,A129LFK27JMYB3,7310172101,3.8284822
217472,A12L1NY994GXSF,7310172101,3.8747137
217339,A12MGOJOF9FY8P,7310172101,3.8826075
217416,A12OC9ZA779927,7310172101,2.4504948
217368,A13LAE0YTXA11B,7310172101,3.9173708
217369,A13MS1JQG2ADOJ,7310172101,3.8855562
217429,A143HKSYU2FQP0,7310172101,3.2825453
217403,A14YBOI1XSJ0UP,7310172101,3.9151149
484430,A153HSQ6QAFXDQ,B00020HHGS,3.3456054
360845,A153HSQ6QAFXDQ,B00020HHHC,3.2718205
451842,A157XTSMJH9XA4,B00004CXX9,3.3764632
484311,A15QRUAQB1QWVD,B00020HHGS,3.9355166
360726,A15QRUAQB1QWVD,B00020HHHC,3.8057005
217389,A16GY2RCF410DT,7310172101,3.8687456
217432,A16J84BXTPH30,7310172101,3.8940406
484348,A16Q6DGTG8LGAG,B00020HHGS,3.3535438
360763,A16Q6DGTG8LGAG,B00020HHHC,3.2754216
484360,A16QUBP9J1KSDM,B00020HHGS,2.9090233
360775,A16QUBP9J1KSDM,B00020HHHC,2.8870685
217379,A16QUDK9MXGT58,7310172101,3.9025018
484398,A16V6Y0BWZAGNI,B00020HHGS,3.9197164
360813,A16V6Y0BWZAGNI,B00020HHHC,3.7894988
484400,A17AQQD8K5WB63,B00020HHGS,3.9181604
360815,A17AQQD8K5WB63,B00020HHHC,3.78956
484388,A17HTZ4S9NUZ93,B00020HHGS,3.9347143
360803,A17HTZ4S9NUZ93,B00020HHHC,3.8045914
451912,A17WKJUZPRWGY9,B00004CXX9,3.115452
484325,A17X91STB6652Z,B00020HHGS,3.9374394
360740,A17X91STB6652Z,B00020HHHC,3.8072102
217422,A184K5PFSEL337,7310172101,3.9143422
217495,A186Y1BDGRGAOQ,7310172101,3.8699937
484401,A18NJ23KZ9LBOV,B00020HHGS,3.862445
360816,A18NJ23KZ9LBOV,B00020HHHC,3.7400732
217348,A18UVHCREY2RE2,7310172101,3.8824062
484428,A1921EUFI0U519,B00020HHGS,3.9310243
360843,A1921EUFI0U519,B00020HHHC,3.7995167
217481,A19J97YZF9IR5K,7310172101,3.8823884
451942,A19JYLHD94K94D,B00004CXX9,3.3875892
360779,A1AAOIZQ5JNUVL,B00020HHHC,2.0607796
484364,A1AAOIZQ5JNUVL,B00020HHGS,1.9654821
451959,A1AST89AHN17O7,B00004CXX9,3.3928342
360741,A1ATV7O231DXIS,B00020HHHC,2.511994
484326,A1ATV7O231DXIS,B00020HHGS,2.4805398
451863,A1B2IZU1JLZA6,B00004CXX9,2.369656
484408,A1B8BDVIFLX7NQ,B00020HHGS,3.9434836
360823,A1B8BDVIFLX7NQ,B00020HHHC,3.812766
217421,A1BMOH6U3TG99J,7310172101,2.8693135
484423,A1BVE2ZIBKJ7YI,B00020HHGS,3.85841
360838,A1BVE2ZIBKJ7YI,B00020HHHC,3.7362616
451899,A1BZEGSNBB7DVS,B00004CXX9,3.4549606
484435,A1C9CBBTVEMFG,B00020HHGS,3.3628557
360850,A1C9CBBTVEMFG,B00020HHHC,3.2928846
451937,A1CAA94EOP0J2S,B00004CXX9,3.3440459
484296,A1CSB9FS3SLHJO,B00020HHGS,3.9425874
360711,A1CSB9FS3SLHJO,B00020HHHC,3.8100836
217452,A1CV6GLAPUIP80,7310172101,3.295213
217449,A1CXAB1MM2RJ3J,7310172101,3.8926072
360780,A1CYNZMKTXO222,B00020HHHC,2.0668924
484365,A1CYNZMKTXO222,B00020HHGS,1.9721675
451852,A1CZICCYP2M5PX,B00004CXX9,3.1247852
484342,A1D76XJYSQPKIU,B00020HHGS,3.3416173
360757,A1D76XJYSQPKIU,B00020HHHC,3.2670891
484375,A1DI7KMBSK5MTU,B00020HHGS,3.909239
360790,A1DI7KMBSK5MTU,B00020HHHC,3.7787428
217395,A1DIS7PF5AA5V2,7310172101,3.9100237
451933,A1DU58OZJNPUHV,B00004CXX9,3.1536868
484292,A1E0NXRTGYDN45,B00020HHGS,3.9215078
360707,A1E0NXRTGYDN45,B00020HHHC,3.793903
217427,A1E0TDGRVZKCWK,7310172101,3.894855
451941,A1E5AVR7QJN8HF,B00004CXX9,3.3748267
451858,A1EARN5PUVIF1S,B00004CXX9,2.438941
217411,A1EJ7AF4H919CL,7310172101,2.8449287
451947,A1FJOY14X3MUHE,B00004CXX9,3.3054092
451827,A1FMJJKSVQDDQ,B00004CXX9,3.1045558
486065,A1FWN2M4XLL6RP,B00008CQVA,4.629918
217342,A1FZ2I81RT0AUX,7310172101,3.8686805
451904,A1G3SYHKCFNYLJ,B00004CXX9,3.4393575
451934,A1GB1Q193DNFGR,B00004CXX9,3.4099188
451908,A1GG1SWT2QTOFD,B00004CXX9,3.4482698
360768,A1HNIYASPD3RE4,B00020HHHC,2.09238
484353,A1HNIYASPD3RE4,B00020HHGS,2.002366
451894,A1HSL0XKDVO0XJ,B00004CXX9,3.099794
484441,A1HWDPK8CHPDXW,B00020HHGS,3.880103
360856,A1HWDPK8CHPDXW,B00020HHHC,3.7565644
451876,A1HWMNSQF14MP8,B00004CXX9,3.385945
484330,A1I9PCPMT3GSKG,B00020HHGS,3.9475298
360745,A1I9PCPMT3GSKG,B00020HHHC,3.8127787
451889,A1IZ6HFRXMIYOE,B00004CXX9,3.3848135
484339,A1J7RSVCF7F7B3,B00020HHGS,3.9206133
360754,A1J7RSVCF7F7B3,B00020HHHC,3.7926345
451830,A1JBBR4MNGQ70G,B00004CXX9,3.3746545
451865,A1JBLIBZJ5VHO2,B00004CXX9,2.9066715
484394,A1JTAI1CD99Z9X,B00020HHGS,3.9267135
360809,A1JTAI1CD99Z9X,B00020HHHC,3.793661
217457,A1JTZ9K2RZKAA4,7310172101,3.9534476
451935,A1JW9NSOVEVPR,B00004CXX9,2.3586924
451848,A1JZV9MCT6KOX4,B00004CXX9,3.3691618
217387,A1K5FEDJ9WI5KV,7310172101,3.8267977
374350,A1K94LXX833JTT,B00004CI84,4.1756396
451870,A1K94LXX833JTT,B00004CXX9,3.897181
451860,A1KDOGXL0LP8E5,B00004CXX9,3.3510213
484424,A1KE23JJ3YG4DT,B00020HHGS,3.9085624
360839,A1KE23JJ3YG4DT,B00020HHHC,3.7800114
217478,A1KJH57UFCFUN0,7310172101,3.8621235
217400,A1KL5NHQ6FOQ3K,7310172101,3.892765
484390,A1KPQQXV7G8CLK,B00020HHGS,3.9129512
360805,A1KPQQXV7G8CLK,B00020HHHC,3.7854986
451801,A1L1ESI4YYYX0A,B00004CXX9,3.4357579
217375,A1L8DNQYY69L2Z,7310172101,3.9990695
451808,A1LEV4H5ZQ55J2,B00004CXX9,3.315944
217444,A1LQV0PSM04DWI,7310172101,3.3027713
484432,A1M5KRVMD7XEC4,B00020HHGS,3.9324808
360847,A1M5KRVMD7XEC4,B00020HHHC,3.801507
217466,A1MUUZGK1WA6I6,7310172101,3.2720268
451866,A1MWRQCMOLQSBF,B00004CXX9,3.4295077
451954,A1N1H9FB2LKVI3,B00004CXX9,3.1088378
451905,A1NI0VOVXZBM7Y,B00004CXX9,2.442958
451844,A1NVW4NUXPOSJB,B00004CXX9,3.1699753
484439,A1O8B2WYDCPTIQ,B00020HHGS,3.918234
360854,A1O8B2WYDCPTIQ,B00020HHHC,3.7903664
451878,A1OBPHRXHZF8P6,B00004CXX9,3.3773758
360781,A1ODU9IV6O87IB,B00020HHHC,2.4745722
484366,A1ODU9IV6O87IB,B00020HHGS,2.4337206
451850,A1OP3SQP78M1PP,B00004CXX9,3.4453146
484421,A1OYAKYIVT3179,B00020HHGS,3.933313
360836,A1OYAKYIVT3179,B00020HHHC,3.802617
484384,A1PG8FDKPVHXE,B00020HHGS,3.9101744
360799,A1PG8FDKPVHXE,B00020HHHC,3.7758727
451884,A1QFQ47QM779YQ,B00004CXX9,3.4106727
484305,A1QP7KX8ANVI00,B00020HHGS,3.9257474
360720,A1QP7KX8ANVI00,B00020HHHC,3.795466
484335,A1QRA8XPFUEKW5,B00020HHGS,3.951934
360750,A1QRA8XPFUEKW5,B00020HHHC,3.8206728
217417,A1R87YSXT4SDS4,7310172101,3.9568474
484318,A1RFM786MYBG8G,B00020HHGS,3.9173346
360733,A1RFM786MYBG8G,B00020HHHC,3.7869234
451895,A1RSXP7MB772E3,B00004CXX9,3.381254
451847,A1SWVKJIQWW33K,B00004CXX9,3.3676844
451843,A1TW9ZGRDQQZ2Y,B00004CXX9,3.4130597
451861,A1U1GYM2SIA2PY,B00004CXX9,3.4091768
217406,A1U6XG3OMP5S62,7310172101,3.87455
217465,A1UBDD8KG6Q23J,7310172101,3.8722844
217503,A1UVLNNXPKEO04,7310172101,3.925042
217374,A1V5MY8V9AWUQB,7310172101,3.8468509
451837,A1VTP9QUHAOTXR,B00004CXX9,3.3768237
217505,A1VXAORWVJCGJF,7310172101,3.9238942
484315,A1WAJOTHDPH97P,B00020HHGS,3.9189575
360730,A1WAJOTHDPH97P,B00020HHHC,3.788851
217366,A1WKFVJCSW1OW6,7310172101,3.827247
451869,A1WP28Z1HFLX4W,B00004CXX9,3.0936022
217500,A1WZWIME0UDS0M,7310172101,3.8530955
484328,A1WZY9GOEE7IAZ,B00020HHGS,3.8738437
360743,A1WZY9GOEE7IAZ,B00020HHHC,3.745143
451805,A1XFT3DORZ3K5G,B00004CXX9,3.3529754
451815,A1XMU567KEIZRS,B00004CXX9,3.3801684
451969,A1XV6E6HR9HSZZ,B00004CXX9,3.3205836
451952,A1Y09QLADQYQJG,B00004CXX9,3.318898
484332,A1YFI21CFKYV5I,B00020HHGS,3.9000785
360747,A1YFI21CFKYV5I,B00020HHHC,3.7725048
217463,A1YHXGV6GC51IM,7310172101,3.844359
451957,A1YJEYJFQD1HI1,B00004CXX9,3.4232347
484306,A1YJNI5NUYVJKG,B00020HHGS,3.94448
360721,A1YJNI5NUYVJKG,B00020HHHC,3.8111746
484419,A1YTTNTFNTKGM7,B00020HHGS,3.9038239
360834,A1YTTNTFNTKGM7,B00020HHHC,3.7733784
451946,A1ZH086GZYL5MZ,B00004CXX9,3.0687811
451915,A1ZPALFR6ZYKRH,B00004CXX9,3.3294013
451812,A2056IUSL6YE5,B00004CXX9,3.3974955
451873,A20LY8E9NGYA4M,B00004CXX9,2.8967743
484417,A20MMCAHGALRAX,B00020HHGS,3.942229
360832,A20MMCAHGALRAX,B00020HHHC,3.80765
484368,A20X23WJLV4R5X,B00020HHGS,3.924605
360783,A20X23WJLV4R5X,B00020HHHC,3.795438
484352,A20ZM1V1IRQHH,B00020HHGS,3.9258702
360767,A20ZM1V1IRQHH,B00020HHHC,3.7936416
451931,A212YFPHGX0GMK,B00004CXX9,3.298292
217430,A21D27EKHICKY3,7310172101,3.8671508
484406,A21ESVL96WF620,B00020HHGS,3.9371436
360821,A21ESVL96WF620,B00020HHHC,3.801653
217415,A21F5EJGLBH2QL,7310172101,3.929672
451898,A21GKWZJL8BVJ7,B00004CXX9,3.1451433
217359,A21N1PT1A908KW,7310172101,3.9067557
484431,A22363SZW4OLJ6,B00020HHGS,3.9251285
360846,A22363SZW4OLJ6,B00020HHHC,3.7925496
217388,A223KNNTFHHIM7,7310172101,3.9028795
360766,A22CJHEXKM5Z8F,B00020HHHC,2.065574
484351,A22CJHEXKM5Z8F,B00020HHGS,1.9724852
217443,A22FICU3LCG2J1,7310172101,3.3157148
451789,A22MDTDACZTQ9U,B00004CXX9,3.3743358
217398,A22SDYPN7DWQ97,7310172101,3.926766
451857,A23GFTVIETX7DS,B00004CXX9,3.3419232
360705,A23LSQMKWU1B00,B00020HHHC,2.509502
484290,A23LSQMKWU1B00,B00020HHGS,2.4692078
451943,A23QOAXJSWIBS6,B00004CXX9,3.0900095
484402,A249W93JNSUZ9Q,B00020HHGS,3.9224706
360817,A249W93JNSUZ9Q,B00020HHHC,3.7924724
217361,A24CFW43ZERCSU,7310172101,3.8333492
484378,A250DA7FHOZ15B,B00020HHGS,3.923604
360793,A250DA7FHOZ15B,B00020HHHC,3.789639
451824,A25G3543IZ2SY8,B00004CXX9,3.362401
217479,A25HD3SZ9HFODY,7310172101,3.8502007
484369,A25NYC06X34V46,B00020HHGS,3.9281044
360784,A25NYC06X34V46,B00020HHHC,3.79852
217381,A25THJL7YWYDNF,7310172101,3.958108
217437,A263978BIOCRZV,7310172101,3.274903
217450,A265LZUGGVNVIV,7310172101,3.7947264
484372,A266OAY9BKJH5A,B00020HHGS,3.8893013
360787,A266OAY9BKJH5A,B00020HHHC,3.7641828
217476,A26DDK7ACX8QKK,7310172101,3.9039006
360752,A26KCYEWGTQEBV,B00020HHHC,2.0996394
484337,A26KCYEWGTQEBV,B00020HHGS,2.0092876
217488,A26LQTZXVRIH87,7310172101,3.8887591
217482,A272NYWBBGVAEO,7310172101,3.8665676
217441,A27RU85KTI2QJ1,7310172101,3.3067064
451806,A27VE8EB7HH0KL,B00004CXX9,3.4751337
217394,A28UDMHG53LMJ1,7310172101,3.2974966
217362,A296N1BPL2LBAA,7310172101,3.9126933
410249,A29JUMRL1US6YP,B000084EZ4,5.155472
410267,A29JUMRL1US6YP,B000084EZ4,5.155472
410242,A29JUMRL1US6YP,B000084EZ4,5.155472
486152,A29JUMRL1US6YP,B00008CQVA,5.143251
486039,A29JUMRL1US6YP,B00008CQVA,5.143251
486102,A29JUMRL1US6YP,B00008CQVA,5.143251
484288,A29NQI0OT0Q81S,B00020HHGS,3.9063563
360703,A29NQI0OT0Q81S,B00020HHHC,3.7764478
451845,A2A6NH6DPE0VXR,B00004CXX9,3.1625793
451804,A2A8RWX4APTK1U,B00004CXX9,3.167097
451834,A2AGGA5NG8Q6A4,B00004CXX9,3.3799615
484322,A2APZJZT4OAKBY,B00020HHGS,3.930744
360737,A2APZJZT4OAKBY,B00020HHHC,3.8024597
217502,A2B0YKE5HE3I9F,7310172101,3.8978539
451886,A2B3Z2QHW3V35S,B00004CXX9,3.396371
451832,A2B73CL3QSYWLB,B00004CXX9,3.413976
484453,A2BS1XZLSI5FTK,B00020HHGS,3.9547484
360868,A2BS1XZLSI5FTK,B00020HHHC,3.8243692
360736,A2BUEYP4GNZ5P8,B00020HHHC,2.5165722
484321,A2BUEYP4GNZ5P8,B00020HHGS,2.4835703
217486,A2CRE3753UMKEK,7310172101,3.9176316
484293,A2CSAP7T1FSIVM,B00020HHGS,3.9244976
360708,A2CSAP7T1FSIVM,B00020HHHC,3.7940192
451885,A2D9OASHI47H73,B00004CXX9,3.3698077
484310,A2DDALFVSQTE0J,B00020HHGS,3.9274983
360725,A2DDALFVSQTE0J,B00020HHHC,3.7976475
217493,A2DE6B05NCDRK3,7310172101,3.8815444
451902,A2DEE7F9XKP3ZR,B00004CXX9,3.3668156
484327,A2DZQ4IV1GK7WH,B00020HHGS,3.9109335
360742,A2DZQ4IV1GK7WH,B00020HHHC,3.7824194
451944,A2E1UPR4LZJSF2,B00004CXX9,3.410711
451928,A2E30DTXCQ807J,B00004CXX9,2.3191578
484414,A2E3TRWY14IQBL,B00020HHGS,3.8662086
360829,A2E3TRWY14IQBL,B00020HHHC,3.7412589
484407,A2E9D2KIA5CPV7,B00020HHGS,3.922277
360822,A2E9D2KIA5CPV7,B00020HHHC,3.7924037
484312,A2ECZDJE7AEM67,B00020HHGS,3.3693404
360727,A2ECZDJE7AEM67,B00020HHHC,3.2877955
217428,A2EDWI5EGP4V9N,7310172101,3.267905
486044,A2EG5ZEK4S4E7F,B00008CQVA,1.0229124
217433,A2EIKJ2XFU6J9T,7310172101,3.2991023
217431,A2EMJYWOXVQGIN,7310172101,3.7212727
360753,A2EMM13TIU7IML,B00020HHHC,2.0747788
484338,A2EMM13TIU7IML,B00020HHGS,1.986347
484448,A2EONLXLVTBKB3,B00020HHGS,3.3722668
360863,A2EONLXLVTBKB3,B00020HHHC,3.2966287
217445,A2EPLEYMTHVVKV,7310172101,3.9070482
484392,A2ESI8PZ7N4ZBR,B00020HHGS,3.8672488
360807,A2ESI8PZ7N4ZBR,B00020HHHC,3.7424147
217349,A2EUY9REPJ0XR4,7310172101,3.8973384
217487,A2EZW83S9IZFIH,7310172101,3.8666706
484341,A2FBD3A4TBXMBG,B00020HHGS,3.9532733
360756,A2FBD3A4TBXMBG,B00020HHHC,3.8217525
484396,A2FBP7NGRMG73O,B00020HHGS,3.9600818
360811,A2FBP7NGRMG73O,B00020HHHC,3.8265502
486057,A2FGXWWR8ZU59C,B00008CQVA,4.011839
484452,A2FI6DQJG4BYPO,B00020HHGS,3.927948
360867,A2FI6DQJG4BYPO,B00020HHHC,3.8004754
486075,A2FRFAQCWZJT3Q,B00008CQVA,3.0223
484340,A2G0DMUKJUFQLD,B00020HHGS,3.8860047
360755,A2G0DMUKJUFQLD,B00020HHHC,3.7579532
217346,A2G1LRD120SJPC,7310172101,3.8609824
484436,A2G6AVBZ2OPFJX,B00020HHGS,3.3211126
360851,A2G6AVBZ2OPFJX,B00020HHHC,3.25092
217385,A2GD3MQQZC4UT7,7310172101,3.8102138
484359,A2GPIFSNT7VXPW,B00020HHGS,2.9077861
360774,A2GPIFSNT7VXPW,B00020HHHC,2.8909426
451794,A2H1WNB30JNAWU,B00004CXX9,3.4259546
217350,A2H3SATAEPFUDW,7310172101,3.848621
451853,A2HIZRVOKXKZ52,B00004CXX9,3.3794317
451955,A2HVL790PBWYTU,B00004CXX9,3.402241
484425,A2IA4ZFUSOON4,B00020HHGS,3.8857005
360840,A2IA4ZFUSOON4,B00020HHHC,3.7565897
451813,A2IJYNN04TGHGE,B00004CXX9,3.3522058
451960,A2IZIYYCEGOMEU,B00004CXX9,3.3787386
451882,A2J60ZJH2ZBKE6,B00004CXX9,3.3186736
217470,A2JCG7KT8HRSUJ,7310172101,3.909865
451872,A2JTZI7Y58X9W5,B00004CXX9,3.3724842
217340,A2KJO9EPX17ZXE,7310172101,3.8415122
451880,A2KJPG496XHHLB,B00004CXX9,3.435165
451973,A2KJX73VG7RRCN,B00004CXX9,3.4134116
484399,A2L19XLK1JQS3I,B00020HHGS,3.8641942
360814,A2L19XLK1JQS3I,B00020HHHC,3.7413547
217501,A2LN4UD395G2B6,7310172101,3.876261
484381,A2M9OWAU1VQ0VT,B00020HHGS,3.951993
360796,A2M9OWAU1VQ0VT,B00020HHHC,3.821243
451836,A2MPA16ZVRJ896,B00004CXX9,3.3386872
484380,A2N0XGXKS9KTCK,B00020HHGS,3.9465032
360795,A2N0XGXKS9KTCK,B00020HHHC,3.8129067
451838,A2N2C3DZ47WO6C,B00004CXX9,3.4359972
484302,A2NNZJ5S6XJGJR,B00020HHGS,3.3293147
360717,A2NNZJ5S6XJGJR,B00020HHHC,3.2537422
451839,A2NUHWMHA9XNKV,B00004CXX9,3.3893046
484377,A2NVPRHU3VF05G,B00020HHGS,3.9348688
360792,A2NVPRHU3VF05G,B00020HHHC,3.8039312
217494,A2O65R7YQNOR3C,7310172101,3.9288502
484389,A2OETFZ7IA6XSQ,B00020HHGS,3.9156687
360804,A2OETFZ7IA6XSQ,B00020HHHC,3.7866142
484433,A2OH0YZ2XEQA63,B00020HHGS,3.9296353
360848,A2OH0YZ2XEQA63,B00020HHHC,3.7995174
217448,A2PFZAO76694BS,7310172101,3.8809562
217442,A2PHHYUZMCR40S,7310172101,3.8975878
484383,A2Q11LO2M5GXDU,B00020HHGS,3.927647
360798,A2Q11LO2M5GXDU,B00020HHHC,3.8017416
451961,A2Q5Y2EMS6KDWI,B00004CXX9,3.3624392
451817,A2Q9RFTXS1K26U,B00004CXX9,3.32826
217414,A2QHCF0OYJ2N33,7310172101,2.7579515
451809,A2QMG8YITGWJE7,B00004CXX9,3.3472428
451896,A2QOI90Y1HNTP9,B00004CXX9,3.396146
217347,A2QXPFTACXWV1I,7310172101,3.7406764
217397,A2R8ON13MVA57,7310172101,3.9084148
217492,A2RAHVQXI12VGA,7310172101,3.9111037
451917,A2RLGG5XB5ID34,B00004CXX9,3.4262674
484449,A2RTDYMFHWP8I3,B00020HHGS,3.9159775
360864,A2RTDYMFHWP8I3,B00020HHHC,3.7866404
451892,A2RUXYJ515XHQ3,B00004CXX9,3.355907
217438,A2RZCYP0F964WQ,7310172101,3.8427463
451891,A2S4LN4MKQ1XPC,B00004CXX9,3.3770664
484404,A2SLUYU6MAY7BE,B00020HHGS,3.9559267
360819,A2SLUYU6MAY7BE,B00020HHHC,3.8190694
451965,A2SPSSA2FOD48K,B00004CXX9,3.4122741
217373,A2SWO60IW01VPX,7310172101,3.9785273
451940,A2SXUINNJD8R25,B00004CXX9,3.1403155
217490,A2TKAV768UGP49,7310172101,3.3258665
451793,A2U4X4HOBT90T4,B00004CXX9,3.0884356
217401,A2UUO1GEFLV9H8,7310172101,3.9027224
451968,A2UZLIH3BSGJ3N,B00004CXX9,2.900704
451953,A2VET003MCRZM2,B00004CXX9,3.0875587
484298,A2VN5P9WA4HTFR,B00020HHGS,3.9204926
360713,A2VN5P9WA4HTFR,B00020HHHC,3.7896273
217498,A2VO25MGV2JZP4,7310172101,3.852724
484334,A2VTVPQVTZ8W1A,B00020HHGS,3.903878
360749,A2VTVPQVTZ8W1A,B00020HHHC,3.7726297
217410,A2WDF9UM0M1VAD,7310172101,1.8723716
360771,A2WNN1DQVL4LH5,B00020HHHC,2.0874662
484356,A2WNN1DQVL4LH5,B00020HHGS,1.9967763
451914,A2WTQL7T70Z1H1,B00004CXX9,3.346076
484446,A2X7CQ27QJ16HV,B00020HHGS,3.9456723
360861,A2X7CQ27QJ16HV,B00020HHHC,3.8113732
451936,A2XAKGRUHIE2ZA,B00004CXX9,3.1125085
484299,A2YGDUFEV2B7TO,B00020HHGS,3.9073777
360714,A2YGDUFEV2B7TO,B00020HHHC,3.7783947
484324,A2YNIKQDLZR2WW,B00020HHGS,3.8958366
360739,A2YNIKQDLZR2WW,B00020HHHC,3.7671442
484415,A2YVWIU1B8HJ8,B00020HHGS,3.911276
360830,A2YVWIU1B8HJ8,B00020HHHC,3.785348
217423,A2YYTZDZD7V7MX,7310172101,3.875045
217345,A2Z7T96L8XQKOG,7310172101,3.8653798
217372,A2ZO1AYFVQYG44,7310172101,3.880283
486017,A2ZYC6NIMHW0HH,B00008CQVA,4.942392
451833,A2ZZO3N7Q44GVE,B00004CXX9,3.4051423
217446,A3084RD2YNXRXJ,7310172101,3.9450016
451974,A30CE2CDDBVNDE,B00004CXX9,3.3554518
451811,A30HSVVNPLK955,B00004CXX9,3.3269844
484450,A30LM7TMYK1C84,B00020HHGS,3.9268525
360865,A30LM7TMYK1C84,B00020HHHC,3.7928832
217477,A30M06JH5R1831,7310172101,3.9072442
451956,A30XI6J5FBBAZB,B00004CXX9,3.3628635
217455,A314APAWYQFKBJ,7310172101,3.9189637
484374,A31KEDM3BCYK6D,B00020HHGS,3.8843575
360789,A31KEDM3BCYK6D,B00020HHHC,3.7556536
217485,A31NOOFT502ZH9,7310172101,3.926757
217408,A31PX9L81BQ6ZS,7310172101,3.9621966
451875,A31RM5QU797HPJ,B00004CXX9,3.10365
451807,A32AF6CGHRT5I8,B00004CXX9,3.3858669
451897,A32JKNQ6BABMQ2,B00004CXX9,3.070743
484438,A32NP43I2BS7LW,B00020HHGS,3.9400356
360853,A32NP43I2BS7LW,B00020HHHC,3.8089352
484405,A32R0HBCV9FCJM,B00020HHGS,3.9219513
360820,A32R0HBCV9FCJM,B00020HHHC,3.7904756
217355,A32TR272T1PFE1,7310172101,3.8855472
360723,A333ABL4WW067D,B00020HHHC,2.0576646
484308,A333ABL4WW067D,B00020HHGS,1.960865
484323,A334MQCA8RFELB,B00020HHGS,3.8813775
360738,A334MQCA8RFELB,B00020HHHC,3.751255
451796,A33M7WZLMRHY0A,B00004CXX9,3.2609658
451877,A344SMIA5JECGM,B00004CXX9,3.4275875
171194,A34BRSDS9MJXTZ,7310172001,4.2633834
381362,A34E1744VPQCNU,B00020HHK4,5.117135
293955,A34E1744VPQCNU,B00020HHM2,5.103852
451901,A34NBH479RB0E,B00004CXX9,3.41435
484333,A34PRWLV61Y355,B00020HHGS,3.9022744
360748,A34PRWLV61Y355,B00020HHHC,3.7728052
486054,A34UV2FFXJPS3T,B00008CQVA,5.028371
484426,A35QCK3X0S0QQW,B00020HHGS,3.3598933
360841,A35QCK3X0S0QQW,B00020HHHC,3.2876406
451821,A35ZK3M8L9JUPX,B00004CXX9,3.3820267
484385,A360DPC534SN3C,B00020HHGS,3.944029
360800,A360DPC534SN3C,B00020HHHC,3.8085988
369801,A36JDIN9RAAIEC,B000084DWM,5.0194697
484386,A36VNMYPXBSTQ3,B00020HHGS,3.8993967
360801,A36VNMYPXBSTQ3,B00020HHHC,3.7653947
217456,A36VWAW5CGT0QC,7310172101,2.8066595
451816,A36Y3IVPW2U16,B00004CXX9,3.3378448
451810,A370Z6I5GBWU44,B00004CXX9,3.3581817
217358,A371B3Z09W4GT5,7310172101,3.937678
217468,A371KZ5U8RQ5PL,7310172101,3.905559
484370,A3774UJAKO4FHI,B00020HHGS,3.9048061
360785,A3774UJAKO4FHI,B00020HHHC,3.7742982
451797,A37DT7YS57MJL,B00004CXX9,2.8734183
217496,A37IG6KAHNLQAX,7310172101,3.8692875
360761,A3827I7HIP1LMB,B00020HHHC,2.0929387
484346,A3827I7HIP1LMB,B00020HHGS,2.0002913
451958,A382CY938Z79EX,B00004CXX9,3.0457387
217376,A38AN6ZRMHV6EU,7310172101,3.8716922
217367,A38H80FBUIF8I3,7310172101,3.9452195
484287,A38LIPX6GHLI9X,B00020HHGS,3.9031627
360702,A38LIPX6GHLI9X,B00020HHHC,3.7776449
484376,A38P3P5IV8T7AF,B00020HHGS,3.9223244
360791,A38P3P5IV8T7AF,B00020HHHC,3.7905977
484434,A3987L8YGSSCQM,B00020HHGS,3.9364035
360849,A3987L8YGSSCQM,B00020HHHC,3.7995512
451818,A39BNX3RKYTVE8,B00004CXX9,3.338152
451823,A39CX0EE4BZCZC,B00004CXX9,3.382066
217393,A39FLPUWTNESK0,7310172101,3.937387
451950,A39W3263A9HCMN,B00004CXX9,2.6422012
484442,A3A32FUNAFZRF4,B00020HHGS,3.92992
360857,A3A32FUNAFZRF4,B00020HHHC,3.797054
484379,A3AOF4C0MXEQSP,B00020HHGS,3.3424215
360794,A3AOF4C0MXEQSP,B00020HHHC,3.2675476
484410,A3B3F8S3RWQ4XI,B00020HHGS,3.3423913
360825,A3B3F8S3RWQ4XI,B00020HHHC,3.268822
451900,A3C3BAQDZWH5YE,B00004CXX9,3.1282775
217363,A3CEN1KNU51AD0,7310172101,3.927954
451864,A3CN5P5Q01FAJ5,B00004CXX9,2.3868
217420,A3D0PV8Y6577NN,7310172101,2.7742302
484429,A3DGVB3T5QJNRE,B00020HHGS,3.943312
360844,A3DGVB3T5QJNRE,B00020HHHC,3.8146477
217483,A3DLTQQJFTPURF,7310172101,3.89897
217338,A3EKHSRZKXRIFK,7310172101,3.8268
451970,A3EOVXI1VZIHUQ,B00004CXX9,3.4428422
451910,A3FGGGA3ADZ2Z9,B00004CXX9,3.3464413
451829,A3FKPWE7YBKPCO,B00004CXX9,3.3233395
217364,A3G8C334EDZPP7,7310172101,3.9548368
451963,A3GJJ634MTAJ06,B00004CXX9,3.3788075
217402,A3H1V2E2O81536,7310172101,3.839741
217343,A3HU1E3N2G9PF0,7310172101,3.9261754
451871,A3I2J3XODSJXOI,B00004CXX9,3.3915162
451874,A3ICHEO78NFE4Y,B00004CXX9,3.444937
451979,A3ILKXATA65Z17,B00004CXX9,3.36089
360772,A3IMFBFX5L85S9,B00020HHHC,2.4929042
484357,A3IMFBFX5L85S9,B00020HHGS,2.4557092
451792,A3IPGCVNG88DSR,B00004CXX9,3.3349319
451911,A3J0V5L5APJ61R,B00004CXX9,3.4087932
217356,A3JDAZ5YVHY15U,7310172101,3.820978
360724,A3JGXC99P2U2RI,B00020HHHC,2.0682528
484309,A3JGXC99P2U2RI,B00020HHGS,1.9740856
360773,A3JUM0WSKPN0NT,B00020HHHC,2.0727122
484358,A3JUM0WSKPN0NT,B00020HHGS,1.9794849
451975,A3K3YJWV0N54ZO,B00004CXX9,3.3578942
484422,A3K6KB64LAKMUU,B00020HHGS,3.9171987
360837,A3K6KB64LAKMUU,B00020HHHC,3.7860014
451909,A3K8TDFH5GOPNE,B00004CXX9,3.4547377
484304,A3KIIGPRVTM1X3,B00020HHGS,3.9133573
360719,A3KIIGPRVTM1X3,B00020HHHC,3.7845194
217475,A3KIRC8DQF0Y9Q,7310172101,3.8928883
217451,A3KRU58D2MSDE2,7310172101,3.2960997
484395,A3KSXW1MF1GRHQ,B00020HHGS,3.9508722
360810,A3KSXW1MF1GRHQ,B00020HHHC,3.8183527
451981,A3KV0NO0TQTW3Y,B00004CXX9,3.4034474
484411,A3KWRPM3DWXNXW,B00020HHGS,3.9196773
360826,A3KWRPM3DWXNXW,B00020HHHC,3.7883618
217462,A3KXPLKL5EPJX,7310172101,3.8858643
484427,A3KZLIEGCSSM5L,B00020HHGS,2.9043243
360842,A3KZLIEGCSSM5L,B00020HHHC,2.877368
484451,A3LX57I5OKG70V,B00020HHGS,2.8988903
360866,A3LX57I5OKG70V,B00020HHHC,2.8838277
451927,A3M5O6UHXO9IBU,B00004CXX9,2.465927
217484,A3MU6WPG4R7XIB,7310172101,3.854584
484454,A3NVYSZBWK25U,B00020HHGS,3.381372
360869,A3NVYSZBWK25U,B00020HHHC,3.3031588
360777,A3OJ5D1THAJKYY,B00020HHHC,2.0662675
484362,A3OJ5D1THAJKYY,B00020HHGS,1.9722642
217473,A3P5V207OED3JS,7310172101,3.9040122
484314,A3PA1Q5C43YY52,B00020HHGS,3.8926632
360729,A3PA1Q5C43YY52,B00020HHHC,3.7639039
451906,A3PJJ7MNJNBXXO,B00004CXX9,3.1610022
293842,A3PJRR03ZAFWGR,B00020HHM2,2.0125675
381249,A3PJRR03ZAFWGR,B00020HHK4,1.9820404
484412,A3PJSAXKHJLS1E,B00020HHGS,3.9391193
360827,A3PJSAXKHJLS1E,B00020HHHC,3.8064277
451846,A3R2YB0WTTB0IJ,B00004CXX9,3.1559842
217424,A3RPJGRMYTU59U,7310172101,3.903654
217335,A3RRSB7FFM07ZU,7310172101,3.9280474
217504,A3RZG11KD34WVA,7310172101,3.8634984
484319,A3SL4RPY4KDNAQ,B00020HHGS,3.944404
360734,A3SL4RPY4KDNAQ,B00020HHHC,3.813753
217459,A3SSEJ8IEM4YGW,7310172101,3.8795943
484320,A3SZXHW69DXMUC,B00020HHGS,3.9145887
360735,A3SZXHW69DXMUC,B00020HHHC,3.780018
484307,A3T2SVLHTJOI2X,B00020HHGS,3.319258
360722,A3T2SVLHTJOI2X,B00020HHHC,3.2495477
217435,A3TFIDKZC95ZK7,7310172101,3.9309354
217378,A3TFTWTG2CC1GA,7310172101,3.8939888
360782,A3TJPSWY2HE4BS,B00020HHHC,2.4913306
484367,A3TJPSWY2HE4BS,B00020HHGS,2.4537575
451835,A3TNR97O3KP4Q7,B00004CXX9,3.3870618
369793,A3TVZM3ZIXG8YW,B000084DWM,0.9838956
369803,A3TVZM3ZIXG8YW,B000084DWM,0.9838956
451788,A3TYRRCF18LGNK,B00004CXX9,3.3670592
451828,A3UZFFYL4HSVPV,B00004CXX9,3.3500721
484336,A3V9M50SZJ2A2D,B00020HHGS,3.8746512
360751,A3V9M50SZJ2A2D,B00020HHHC,3.749112
451971,A3VMD1TVFCK9KB,B00004CXX9,3.3484292
217344,A3W35OAAB4XNX9,7310172101,3.9403949
217341,A3XT9UO2Z8IKZ,7310172101,3.7969444
217409,A479H261D2695,7310172101,3.260154
451932,A48VQ893Z2KQR,B00004CXX9,3.433838
451790,A4EB8WZNMNFE,B00004CXX9,3.3788786
451930,A4GB8I8ACS4PM,B00004CXX9,3.098767
486078,A4JYAW6LTDZ4Q,B00008CQVA,1.0189551
451840,A4RUN01NO4827,B00004CXX9,3.420516
451803,A4YWMZ5EWFEKU,B00004CXX9,3.31475
217351,A4Z0JCSDTQZ88,7310172101,3.9280756
217489,A58VYTDIZJM77,7310172101,3.3126192
381355,A5CR6GP49HVEE,B00020HHK4,3.0898986
212761,A5CR6GP49HVEE,B00020HHAO,3.0419564
484409,A5CR6GP49HVEE,B00020HHGS,3.0369906
360824,A5CR6GP49HVEE,B00020HHHC,3.0017314
217377,A5F2CS558RBDA,7310172101,3.9004874
217399,A5YACGTYAZKAL,7310172101,3.7743683
484301,A666QET48NULX,B00020HHGS,3.9321396
360716,A666QET48NULX,B00020HHHC,3.7992635
451887,A6QPAO2ZF27SD,B00004CXX9,3.4337375
484361,A6ZY59M7WOAS0,B00020HHGS,3.9217
360776,A6ZY59M7WOAS0,B00020HHHC,3.7920885
484418,A70T8C7VM2ZUW,B00020HHGS,3.906065
360833,A70T8C7VM2ZUW,B00020HHHC,3.7766604
217491,A7161PRO2YD3T,7310172101,3.8875718
217390,A74C7IARQEM1R,7310172101,3.9185076
484291,A78NS29TCGKI7,B00020HHGS,3.348301
360706,A78NS29TCGKI7,B00020HHHC,3.2735305
451791,A7ICHINJY1Q01,B00004CXX9,2.5936344
451949,A86R2KZIFHKLB,B00004CXX9,3.3756251
360855,A8DR6JIHBM6K5,B00020HHHC,2.4660666
484440,A8DR6JIHBM6K5,B00020HHGS,2.4208257
484447,A8K88L2W1GS9C,B00020HHGS,3.9210584
360862,A8K88L2W1GS9C,B00020HHHC,3.7883754
217447,A91JPGSIDEIU,7310172101,3.883917
451825,A9FPWQFMN25K5,B00004CXX9,3.120163
451798,A9P5QYL4LVMOX,B00004CXX9,3.419182
451966,A9S4LP09MYESM,B00004CXX9,3.0940518
217386,A9WRBX9150HCU,7310172101,3.9104054
451826,AAFFKYJ5DC0FV,B00004CXX9,3.0817142
451849,AAI57M3OXP5NK,B00004CXX9,3.3296373
451820,AAXPCLWB7XLD9,B00004CXX9,3.4059281
451819,AB0W9GTNGHSI3,B00004CXX9,3.3996005
484344,AB1Q0GEDU5C0R,B00020HHGS,3.9593472
360759,AB1Q0GEDU5C0R,B00020HHHC,3.8239484
217426,ABEIRM40JQHHN,7310172101,3.8692544
484363,ABK32ED0M15MR,B00020HHGS,3.928133
360778,ABK32ED0M15MR,B00020HHHC,3.7981398
451841,ABU05VJAR81ZZ,B00004CXX9,3.363315
451814,AC392489765D3,B00004CXX9,3.450681
451802,ACB2WB5QM5R74,B00004CXX9,3.0852904
217471,ACBK6OXAMOHTE,7310172101,3.7816975
451976,ACJR7EQF9S6FP,B00004CXX9,3.1223712
451978,AD8X8DT1F6WMQ,B00004CXX9,3.4401088
484289,ADAOC6UTL8ZZV,B00020HHGS,3.9133708
360704,ADAOC6UTL8ZZV,B00020HHHC,3.780957
451913,ADB8XCKNSDY5Z,B00004CXX9,2.854467
451945,ADIDQRLLR4KBQ,B00004CXX9,3.4687853
217506,ADODIH2V6UBQ9,7310172101,3.917301
360760,ADPCK648WY0LZ,B00020HHHC,2.0905426
484345,ADPCK648WY0LZ,B00020HHGS,1.9990971
217370,ADXXVGRCGQQUO,7310172101,3.8877873
484413,AE5JM17YHV4KB,B00020HHGS,3.8829875
360828,AE5JM17YHV4KB,B00020HHHC,3.7554128
484347,AE9LVM0KKA8RW,B00020HHGS,3.8505654
360762,AE9LVM0KKA8RW,B00020HHHC,3.724675
171182,AE9ZBY7WW3LIQ,7310172001,3.028294
217404,AE9ZBY7WW3LIQ,7310172101,2.7293143
484300,AEA27WV6NXOH2,B00020HHGS,3.338955
360715,AEA27WV6NXOH2,B00020HHHC,3.2675235
451962,AEE48JKI02W5,B00004CXX9,2.929116
451851,AEPJYN0NAX9N4,B00004CXX9,3.4437077
451868,AER15RIMV8E6D,B00004CXX9,3.377945
217352,AF44MU313L704,7310172101,3.8988729
484397,AFDNACPVKXXPZ,B00020HHGS,3.4062576
360812,AFDNACPVKXXPZ,B00020HHHC,3.3227103
217354,AFDTV642ZGJ8S,7310172101,3.8100262
451964,AFEN54UGJQOK9,B00004CXX9,3.3909254
217469,AFGHXL0I9BYXD,7310172101,3.3064127
217336,AFH6TT0SWN59L,7310172101,3.8382783
484457,AFHUP90KARX08,B00020HHGS,3.368503
360872,AFHUP90KARX08,B00020HHHC,3.291265
360732,AFU4E0FKGUQ7A,B00020HHHC,2.060488
484317,AFU4E0FKGUQ7A,B00020HHGS,1.9703977
484393,AFUM9UDF7IN6I,B00020HHGS,3.948043
360808,AFUM9UDF7IN6I,B00020HHHC,3.8158946
451787,AFV2584U13XP3,B00004CXX9,3.3791037
217391,AFXMWPNS1BLU4,7310172101,3.878437
451893,AGBA7LQIR4BHX,B00004CXX9,2.8906283
486077,AGDS7B4DRSSMF,B00008CQVA,0.9945234
217418,AHFT1TU6FEFQ8,7310172101,3.9062948
360769,AHUYS6XZ39TJK,B00020HHHC,2.0961459
484354,AHUYS6XZ39TJK,B00020HHGS,2.0030386
217407,AI6BIBH6R1JBR,7310172101,3.8152277
217434,AIBHCBMBC8Z66,7310172101,3.8178468
484331,AJ106JEO96BXI,B00020HHGS,3.9123278
360746,AJ106JEO96BXI,B00020HHHC,3.7814877
217440,AJ1CE24O54TFM,7310172101,3.8323083
217467,AJ6QSIPKRWTG3,7310172101,3.9296467
171152,AJD41FBJD9010,7310172001,5.328149
171222,AJD41FBJD9010,7310172001,5.328149
171151,AJD41FBJD9010,7310172001,5.328149
217384,AJD41FBJD9010,7310172101,4.561714
451888,AJD6XYO7ZQM61,B00004CXX9,3.4105756
451903,AJKJBUF3BUXH0,B00004CXX9,3.1528487
217454,AK0CENM3LUM28,7310172101,3.9024675
451795,AKFEZQG6TX0KC,B00004CXX9,3.3489234
484297,AKNHKB593FINL,B00020HHGS,3.3875139
360712,AKNHKB593FINL,B00020HHHC,3.3108466
484316,AL1EKHJ4UZF8Z,B00020HHGS,3.915503
360731,AL1EKHJ4UZF8Z,B00020HHHC,3.7836936
486022,AL1XV4L25FZ2S,B00008CQVA,4.924341
217337,ALAA0P3GK1VBR,7310172101,3.8421636
484343,ALLLTEZ0I5US0,B00020HHGS,3.9064245
360758,ALLLTEZ0I5US0,B00020HHHC,3.7760744
484313,AMA4VS04DUD6B,B00020HHGS,3.954057
360728,AMA4VS04DUD6B,B00020HHHC,3.819706
484391,AMDREWLSOT8ID,B00020HHGS,3.9218922
360806,AMDREWLSOT8ID,B00020HHHC,3.7914608
217439,AMG0MU63Y2KUC,7310172101,3.8592145
360764,AMN376J6RZWP0,B00020HHHC,2.513702
484349,AMN376J6RZWP0,B00020HHGS,2.479887
217380,AN6G00SYXBOV3,7310172101,3.7659023
451867,ANCOMAI0I7LVG,B00004CXX9,3.14273
451972,ANEUPVXP9GKJQ,B00004CXX9,2.911259
451879,ANGH6401L9Y0T,B00004CXX9,3.0850348
484382,ANJSMWN361NSG,B00020HHGS,3.9518611
360797,ANJSMWN361NSG,B00020HHHC,3.8214335
217412,ANW9G620WDPVE,7310172101,2.3758533
484420,ANYKJWXT2W0IA,B00020HHGS,3.9114065
360835,ANYKJWXT2W0IA,B00020HHHC,3.7814589
217396,AOLDDV8Y96TSB,7310172101,3.9236305
451967,AP5V6ESC7K477,B00004CXX9,3.1386294
484294,APCOMFRS7NIT8,B00020HHGS,3.9267302
360709,APCOMFRS7NIT8,B00020HHHC,3.7945638
451856,API663PFYRQCP,B00004CXX9,3.390698
451883,APQ6349MQQQAN,B00004CXX9,3.4326947
217365,AQHATKEPH80P0,7310172101,3.920777
484445,ARXDKTGDQ9SDL,B00020HHGS,3.9137456
360860,ARXDKTGDQ9SDL,B00020HHHC,3.7846885
484387,ARXU7TM4XXI1D,B00020HHGS,3.9095078
360802,ARXU7TM4XXI1D,B00020HHHC,3.779169
217480,ARYMKWDYJM1TG,7310172101,2.8482933
484403,AS2MDN0ELTFN,B00020HHGS,3.3513298
360818,AS2MDN0ELTFN,B00020HHHC,3.2816734
217357,AS8WFSJTEPKX0,7310172101,3.9955142
451916,ASCVAUPIB31OD,B00004CXX9,3.0956068
451822,ASJ54MITON1NO,B00004CXX9,3.410884
484444,ASSKNUG7SHUA1,B00020HHGS,2.8921373
360859,ASSKNUG7SHUA1,B00020HHHC,2.8772547
217474,ASST51ORV4IEK,7310172101,3.8951468
451831,AT38LN55YNZM4,B00004CXX9,3.3655925
484295,ATCT22YM2HUQ8,B00020HHGS,3.3555083
360710,ATCT22YM2HUQ8,B00020HHHC,3.276526
484350,ATUXNR3WHD18N,B00020HHGS,3.372968
360765,ATUXNR3WHD18N,B00020HHHC,3.2978313
217461,ATUYEDUIBZ5MI,7310172101,3.8737552
484371,ATZ318UY72KZ0,B00020HHGS,3.8972278
360786,ATZ318UY72KZ0,B00020HHHC,3.768701
451929,AU0E2I06YSFA4,B00004CXX9,3.1205835
217334,AU2LNDRGFOS8J,7310172101,3.9099147
217460,AUINI96NMGXUI,7310172101,3.9107015
486027,AUW5XC67E9MIL,B00008CQVA,5.024019
486018,AUW5XC67E9MIL,B00008CQVA,5.024019
217464,AV9UMFR3N7BHV,7310172101,3.8242562
486025,AVJ2FDL5IT7X0,B00008CQVA,4.9592404
451939,AW3FTPCBPVQNB,B00004CXX9,3.408096
451890,AX4KUMJVBALEV,B00004CXX9,3.347076
451907,AX5JX1E40EBT8,B00004CXX9,3.3936071
451980,AXLSYCFQEQ3FD,B00004CXX9,3.4435291
217392,AXLTYZSZ49Y70,7310172101,3.9574182
451800,AY12DBB0U420B,B00004CXX9,2.897447
217497,AYJO0BRLZV97N,7310172101,3.8597777
217353,AYS3F0L3VFP6G,7310172101,3.9134285
217371,AZ40270J4JBZN,7310172101,3.80716
484443,AZ4QFFUT8QVTA,B00020HHGS,3.8929784
360858,AZ4QFFUT8QVTA,B00020HHHC,3.7632828
217499,AZ7GJ72KEZTB9,7310172101,3.926309
451977,AZADBDIG2188H,B00004CXX9,3.4280055
451859,AZRJH4JFB59VC,B00004CXX9,2.3426833
484373,AZU4M5K1N2LAB,B00020HHGS,3.919205
360788,AZU4M5K1N2LAB,B00020HHHC,3.7899282
